sl_atr_mult,tp1_atr_mult,tp2_atr_mult,tp3_atr_mult,trailing_activation_atr_mult,mean_Sharpe,std_Sharpe,min_Sharpe,mean_PF,mean_DD,worst_DD,mean_Ret,mean_Trades,mean_WinR,n_folds
1.0,1.0,2.5,4.5,2.0,0.38513718744061354,1.0851228906133452,-0.49524050774002704,1.2904570927827894,-6.49757951597392,-10.822982837783703,1.8452596300410646,10.8,35.78787878787879,5
1.0,1.0,2.5,4.5,3.0,0.5187690231059271,0.9836229684776243,-0.47826251533723924,1.4326686653136753,-6.23989933277748,-10.822982837783703,2.622373937188372,9.8,34.57936507936508,5
1.0,1.0,2.5,6.0,2.0,0.1088253038090012,0.8727556208480058,-0.720869910575834,1.0096428708179932,-7.012366181392196,-12.647991321407478,-0.10147625170130876,9.8,30.534798534798533,5
1.0,1.0,2.5,6.0,3.0,0.2639808647566342,0.8456883502632001,-0.7106421245642299,1.1433805911739414,-6.728742408223724,-12.647991321407478,0.8059050702262759,8.6,29.368131868131865,5
1.0,1.0,2.5,8.0,2.0,0.29462558313079146,1.223342117126322,-0.720869910575834,1.2640579076875453,-6.9455113761479454,-12.647991321407478,0.8223406270413541,8.6,30.21645021645021,5
1.0,1.0,2.5,8.0,3.0,0.4972842912410066,1.1053837571454792,-0.7106421245642299,1.4408170242365128,-6.562578742293164,-12.647991321407478,2.048013398199322,7.8,27.716450216450216,5
1.0,1.0,3.5,4.5,2.0,0.41442447647939284,1.0909970983578121,-0.4351532657721266,1.337893685566349,-6.549341338421101,-10.822982837783664,2.2159938494085085,10.8,35.78787878787879,5
1.0,1.0,3.5,4.5,3.0,0.5432601976292037,1.0197896899450918,-0.4890524173321843,1.4840499316258007,-6.197921497135595,-10.822982837783664,2.971995916689239,9.8,31.246031746031747,5
1.0,1.0,3.5,6.0,2.0,0.14543634500581515,0.8723593327549126,-0.6673878824501932,1.0512401960599367,-7.071349745263722,-12.634185735673883,0.21626121910162777,9.8,30.534798534798533,5
1.0,1.0,3.5,6.0,3.0,0.30437589936355214,0.8913436335377453,-0.6581169037883632,1.1937196053190058,-6.693225805719052,-12.634185735673883,1.1352615440053924,8.6,26.868131868131865,5
1.0,1.0,3.5,8.0,2.0,0.3344937013993265,1.2362194607935508,-0.6673878824501932,1.319318243015346,-6.941107466861482,-12.634185735673883,1.1754074206579923,8.6,30.21645021645021,5
1.0,1.0,3.5,8.0,3.0,0.5239297979292065,1.1363823707003662,-0.6581169037883632,1.4860712061400898,-6.55841816512738,-12.634185735673883,2.30385349410438,7.8,25.216450216450216,5
1.0,1.0,5.0,6.0,2.0,0.1793838904959554,0.8939589597952912,-0.5978458228132241,1.100756130060528,-7.066141823845447,-12.613677922196848,0.5448129702894411,9.8,28.31257631257631,5
1.0,1.0,5.0,6.0,3.0,0.3483590443523329,0.8571563172030802,-0.5896069216743317,1.2695681098074327,-6.781106184678114,-12.613677922196848,1.6127994407362902,8.6,26.868131868131865,5
1.0,1.0,5.0,8.0,2.0,0.3860513297445007,1.2736498621437915,-0.5978458228132241,1.395950502013863,-6.934554672855134,-12.613677922196848,1.6310171513407035,8.6,27.99422799422799,5
1.0,1.0,5.0,8.0,3.0,0.6093884576654808,1.1515630380932784,-0.5896069216743317,1.6010966977252081,-6.552230468069783,-12.613677922196848,3.014220626210014,7.8,25.216450216450216,5
1.0,1.5,2.5,4.5,2.0,0.3839341128817445,1.1025531912560267,-0.5609084512863075,1.3264610739821499,-6.87366370144491,-10.518432914182915,2.079904671343898,10.8,35.78787878787879,5
1.0,1.5,2.5,4.5,3.0,0.5238049015467231,0.9800798144515934,-0.43868061085763504,1.455906711532227,-6.43208526086841,-10.518432914182915,2.939321200234468,9.8,34.57936507936508,5
1.0,1.5,2.5,6.0,2.0,0.11606794834584858,0.8594364358295074,-0.5873322822631728,1.0257146390444158,-7.338485636428215,-12.33976817655117,0.09434286960938731,9.8,30.534798534798533,5
1.0,1.5,2.5,6.0,3.0,0.27454841914771533,0.7963937124236852,-0.5790361423939369,1.1386247970684684,-6.8712155297307955,-12.33976817655117,1.0731025305205466,8.6,29.368131868131865,5
1.0,1.5,2.5,8.0,2.0,0.27920625030972535,1.196453669193497,-0.65897671987482,1.3033845526488612,-7.305174378674169,-12.33976817655117,0.9227401190962704,8.6,30.21645021645021,5
1.0,1.5,2.5,8.0,3.0,0.4826219384787949,1.056635738678253,-0.5790361423939369,1.4568801048245088,-6.688367318593286,-12.33976817655117,2.2183101604083277,7.8,27.716450216450216,5
1.0,1.5,3.5,4.5,2.0,0.41335085589352855,1.1106224849810433,-0.49345413449540965,1.3742976504981286,-6.9254891154677285,-10.518432914182894,2.452270525592999,10.8,35.78787878787879,5
1.0,1.5,3.5,4.5,3.0,0.5484188430045212,1.0185906857509064,-0.5533114894497606,1.5109148669405763,-6.3901100975158185,-10.518432914182894,3.2915134230817467,9.8,31.246031746031747,5
1.0,1.5,3.5,6.0,2.0,0.15246546050377607,0.8676358020050196,-0.5368104913351065,1.0680876724677417,-7.397152854417565,-12.32599238676328,0.414062867165441,9.8,30.534798534798533,5
1.0,1.5,3.5,6.0,3.0,0.31397884433215534,0.8470555498014473,-0.5293418841693022,1.185079419257586,-6.835914756317644,-12.32599238676328,1.4036529291312765,8.6,26.868131868131865,5
1.0,1.5,3.5,8.0,2.0,0.31885361109875976,1.2117413319686325,-0.6961248623746266,1.359683962802857,-7.300796928309099,-12.32599238676328,1.2767458027706733,8.6,30.21645021645021,5
1.0,1.5,3.5,8.0,3.0,0.5093312407784834,1.0882804868589118,-0.5293418841693022,1.4999244630462039,-6.684221802615037,-12.32599238676328,2.4743443753392436,7.8,25.216450216450216,5
1.0,1.5,5.0,6.0,2.0,0.18445521574434565,0.8876800012727106,-0.47054718666908973,1.1139948902334602,-7.391963636007803,-12.305528282056,0.7433006928348782,9.8,28.31257631257631,5
1.0,1.5,5.0,6.0,3.0,0.35773232284835166,0.8143264720653843,-0.46312290335187734,1.2568314678136503,-6.9232151193677485,-12.305528282056,1.88096064602679,8.6,26.868131868131865,5
1.0,1.5,5.0,8.0,2.0,0.3695602397966854,1.2499070693723866,-0.651207106308864,1.4337496950160507,-7.2942834499862865,-12.305528282056,1.7327582584817431,8.6,27.99422799422799,5
1.0,1.5,5.0,8.0,3.0,0.5932904720924264,1.1033363595158578,-0.46312290335187734,1.6118872116116691,-6.678056393360447,-12.305528282056,3.184153199680892,7.8,25.216450216450216,5
1.0,2.0,2.5,4.5,2.0,0.3098412684843363,1.1272287683166842,-0.6451468134569825,1.3021001132769876,-7.59575642599893,-12.054685630815124,1.6934355663293374,10.8,35.78787878787879,5
1.0,2.0,2.5,4.5,3.0,0.43870792310129747,1.0188466715787592,-0.5357770512298891,1.400231032662669,-7.194472566687388,-12.054685630815124,2.5114673337644677,9.8,34.57936507936508,5
1.0,2.0,2.5,6.0,2.0,0.03528745534190567,0.8699041604162244,-0.7425422780488238,0.9894284809724792,-8.051753603648159,-13.835069869350408,-0.5448830873429825,9.8,30.534798534798533,5
1.0,2.0,2.5,6.0,3.0,0.20510290011076435,0.8131200466752343,-0.7330424985552626,1.105773872116239,-7.503623730916649,-13.835069869350408,0.5510534023677227,8.6,29.368131868131865,5
1.0,2.0,2.5,8.0,2.0,0.19109820798947968,1.181156889608503,-0.7425422780488238,1.218586328016674,-8.061475151999872,-13.835069869350408,0.31333151372200163,8.6,30.21645021645021,5
1.0,2.0,2.5,8.0,3.0,0.40566853510370765,1.0549107074760304,-0.7330424985552626,1.3746140731325398,-7.343802288603212,-13.835069869350408,1.7276021197108542,7.8,27.716450216450216,5
1.0,2.0,3.5,4.5,2.0,0.3390944639529786,1.1367763857901545,-0.5848797214398738,1.3459830041923162,-7.647470481501979,-12.054685630815117,2.064464983996017,10.8,35.78787878787879,5
1.0,2.0,3.5,4.5,3.0,0.4664447137667431,1.0544607268267518,-0.6376044905425555,1.451772635149466,-7.152641580975183,-12.054685630815117,2.8638794342256046,9.8,31.246031746031747,5
1.0,2.0,3.5,6.0,2.0,0.07108230692786939,0.8806363988270969,-0.6939614259119453,1.026940825227908,-8.110358342753806,-13.821605581751323,-0.2281940913787331,9.8,30.534798534798533,5
1.0,2.0,3.5,6.0,3.0,0.24567167025604544,0.8639140732007302,-0.6851906479801666,1.1499522721277744,-7.468506630279163,-13.821605581751323,0.8813717382675152,8.6,26.868131868131865,5
1.0,2.0,3.5,8.0,2.0,0.23032049864720303,1.200157168011654,-0.7071400318012594,1.2677704839544437,-8.057181190613978,-13.821605581751323,0.6644186460088839,8.6,30.21645021645021,5
1.0,2.0,3.5,8.0,3.0,0.4348214637722263,1.0900231371077453,-0.6851906479801666,1.4147143039744645,-7.339735403268011,-13.821605581751323,1.9838382074726433,7.8,25.216450216450216,5
1.0,2.0,5.0,6.0,2.0,0.10328733818938596,0.8993285831223459,-0.6303189346909784,1.0677080802076107,-8.105282323237029,-13.801603680547139,0.09850005924655356,9.8,30.534798534798533,5
1.0,2.0,5.0,6.0,3.0,0.2898588684089461,0.8394913403748985,-0.6223436619067942,1.216011499002903,-7.555608630980802,-13.801603680547139,1.3549424292512406,8.6,26.868131868131865,5
1.0,2.0,5.0,8.0,2.0,0.2805210434554268,1.2384364149616958,-0.6638422677369606,1.3332109106957417,-8.050791740275034,-13.801603680547139,1.1181875581998901,8.6,30.21645021645021,5
1.0,2.0,5.0,8.0,3.0,0.5162357818843096,1.1081063889129186,-0.6223436619067942,1.5160330306659204,-7.333686758062804,-13.801603680547139,2.6898685496465986,7.8,25.216450216450216,5
1.5,1.0,2.5,4.5,2.0,0.1752879176269227,1.0783469590299848,-0.8783779832094389,1.2174709238954067,-7.355041962436198,-13.409412565931309,0.7482997995283378,9.6,43.16666666666667,5
1.5,1.0,2.5,4.5,3.0,0.2569098325854941,0.9970164813007144,-0.7805750884212901,1.2740012085456003,-7.294518056169134,-13.215173745711887,1.2520566214168993,8.8,38.65079365079365,5
1.5,1.0,2.5,6.0,2.0,0.02942256816384887,0.9346374812703192,-0.9250368248172636,0.9863656269211271,-7.62781200156939,-14.251830023748424,-0.48199547069303056,8.8,38.38095238095238,5
1.5,1.0,2.5,6.0,3.0,0.15168898780685752,0.9130274397954526,-0.89335308673854,1.0777163283903732,-7.456742815133592,-14.059480902836825,0.30142673578525087,7.8,34.166666666666664,5
1.5,1.0,2.5,8.0,2.0,0.1074216084099032,1.0787062934695535,-0.9250368248172636,1.1019190508190264,-7.742820187361777,-14.251830023748424,0.025558560521903573,7.6,37.02380952380952,5
1.5,1.0,2.5,8.0,3.0,0.25355701824816373,1.0186862145718134,-0.89335308673854,1.2219766984779594,-7.523653525433663,-14.059480902836825,0.9582447484386549,7.0,30.71428571428571,5
1.5,1.0,3.5,4.5,2.0,0.2092565678372047,1.0778297928759317,-0.8094098601083789,1.2542663483760275,-7.405665028706023,-13.409412565931285,1.1102877301004324,9.6,43.16666666666667,5
1.5,1.0,3.5,4.5,3.0,0.2859378291555437,1.0319833743535058,-0.8092653309406096,1.3015855522905515,-7.253353737052516,-13.215173745711878,1.5755019459400212,8.8,34.76190476190476,5
1.5,1.0,3.5,6.0,2.0,0.07208254104638799,0.9528684935603607,-0.8705903316411374,1.0241947307167105,-7.684909996483929,-14.23827791739145,-0.12404093334346555,8.8,38.38095238095238,5
1.5,1.0,3.5,6.0,3.0,0.19846638798254243,0.9784358095178323,-0.8397227584933319,1.1323214241381698,-7.421309506432417,-14.04589839658042,0.6760673724020739,7.8,31.666666666666664,5
1.5,1.0,3.5,8.0,2.0,0.14842667956209285,1.0901691569102079,-0.8705903316411374,1.1420439716780435,-7.7384580641372525,-14.23827791739145,0.37377594676145237,7.6,37.02380952380952,5
1.5,1.0,3.5,8.0,3.0,0.2840144253616555,1.061336496883604,-0.8397227584933319,1.2660317391101323,-7.519541525648738,-14.04589839658042,1.2166555538590254,7.0,28.21428571428571,5
1.5,1.0,5.0,6.0,2.0,0.11479323003469044,0.9784372249630006,-0.8132372816503846,1.0742333320426312,-7.804958985670806,-14.21814664047553,0.2578723977943939,8.8,36.15873015873016,5
1.5,1.0,5.0,6.0,3.0,0.2555829870279279,0.9669838689222477,-0.7713681294937244,1.2060840997577207,-7.632603682260165,-14.025721961459736,1.2054812467666198,7.8,31.666666666666664,5
1.5,1.0,5.0,8.0,2.0,0.20137441217306354,1.1328258545483962,-0.8132372816503846,1.2117610011113797,-7.731967249504865,-14.21814664047553,0.8307213562882844,7.6,34.801587301587304,5
1.5,1.0,5.0,8.0,3.0,0.36912812432766484,1.0803847576659606,-0.7713681294937244,1.3644660588078614,-7.513426014494823,-14.025721961459736,1.923485959682305,7.0,28.21428571428571,5
1.5,1.5,2.5,4.5,2.0,0.1923795820942479,1.048746857026677,-0.8958342002168355,1.2188084413271396,-7.6056272024249605,-12.92313832959557,1.0783292109247733,9.6,43.16666666666667,5
1.5,1.5,2.5,4.5,3.0,0.2640636075884023,0.9653446362052973,-0.7245178029758034,1.263852442154049,-7.42449853340064,-12.723849475177301,1.5283130803305653,8.8,38.65079365079365,5
1.5,1.5,2.5,6.0,2.0,0.04563930683322143,0.9219219641556966,-0.8497805246085479,1.0022092770395865,-7.903068207597857,-13.760541336708668,-0.26258981701651435,8.8,38.38095238095238,5
1.5,1.5,2.5,6.0,3.0,0.15282785738073795,0.8877601251372683,-0.7595257562171618,1.0665154358994755,-7.598317235063503,-13.563169008480841,0.4558561171522159,7.8,34.166666666666664,5
1.5,1.5,2.5,8.0,2.0,0.13315397626238146,1.074988612873077,-0.8497805246085479,1.1483630552791435,-7.9397735971239145,-13.760541336708668,0.3052578379524927,7.6,37.02380952380952,5
1.5,1.5,2.5,8.0,3.0,0.2615732329473586,1.0052918341728407,-0.7595257562171618,1.2397732698411221,-7.56705392949537,-13.563169008480841,1.1727057937764587,7.0,30.71428571428571,5
1.5,1.5,3.5,4.5,2.0,0.2257419038297875,1.0504424075472187,-0.8294315322804802,1.2560428445623433,-7.656312616590666,-12.923138329595574,1.4416228530068431,9.6,43.16666666666667,5
1.5,1.5,3.5,4.5,3.0,0.2924355236131201,1.002844104398061,-0.8287982814559038,1.294302629301844,-7.383336834785284,-12.723849475177321,1.8533716236795381,8.8,34.76190476190476,5
1.5,1.5,3.5,6.0,2.0,0.0871894031020643,0.9426499639519201,-0.7879009080838937,1.0407543450066397,-7.959854305096144,-13.746988821169328,0.09696359880635655,8.8,38.38095238095238,5
1.5,1.5,3.5,6.0,3.0,0.19788943446446244,0.9539114148418519,-0.7884935870520775,1.1165205958661197,-7.563092792809539,-13.549585475915368,0.8318535166791952,7.8,31.666666666666664,5
1.5,1.5,3.5,8.0,2.0,0.1730565947117854,1.087845605121775,-0.7879009080838937,1.19097017185854,-7.935429439595914,-13.746988821169328,0.6548603104725494,7.6,37.02380952380952,5
1.5,1.5,3.5,8.0,3.0,0.29110769336856945,1.0481318764026386,-0.7884935870520775,1.2814956148278913,-7.5629523216655015,-13.549585475915368,1.4322930074488265,7.0,28.21428571428571,5
1.5,1.5,5.0,6.0,2.0,0.12787179844740698,0.9688749846808152,-0.8335548381381817,1.0874433938593266,-8.079741156580218,-13.726856393097057,0.4802226051466721,8.8,36.15873015873016,5
1.5,1.5,5.0,6.0,3.0,0.25365896291939205,0.9422100197980037,-0.7362389295993529,1.1852365579801143,-7.773637641386936,-13.529406971670262,1.3607747221388535,7.8,31.666666666666664,5
1.5,1.5,5.0,8.0,2.0,0.22367815738183455,1.1309222894608135,-0.8335548381381817,1.2584957822232343,-7.928965304090207,-13.726856393097057,1.113940405829339,7.6,34.801587301587304,5
1.5,1.5,5.0,8.0,3.0,0.37339588623561626,1.0657899228301866,-0.7362389295993529,1.3771946380871145,-7.556852172046398,-13.529406971670262,2.139376371518231,7.0,28.21428571428571,5
1.5,2.0,2.5,4.5,2.0,0.14363852566377472,1.099267380924974,-0.9772705337917311,1.2436601112511525,-8.347673839234039,-14.659078009424064,0.7316621632919149,9.6,43.16666666666667,5
1.5,2.0,2.5,4.5,3.0,0.1726806085715973,1.0207041936692252,-0.8322701743827894,1.235907001020914,-8.403143019092965,-14.459898556112643,0.9266345426947643,8.8,38.65079365079365,5
1.5,2.0,2.5,6.0,2.0,3.1018836047547185e-05,0.9785440952946615,-0.9641270256951443,1.0211227829074025,-8.637607369929873,-15.47028885874946,-0.7215352021165076,8.8,38.38095238095238,5
1.5,2.0,2.5,6.0,3.0,0.09111512365742565,0.9499094035822075,-0.9345148961952624,1.0743494938349074,-8.421034834062006,-15.273002712068905,-0.06836617591512226,7.8,34.166666666666664,5
1.5,2.0,2.5,8.0,2.0,0.06334922583899591,1.0788318843434872,-0.9641270256951443,1.1403286496880845,-8.718797804303094,-15.47028885874946,-0.2399726589755133,7.6,37.02380952380952,5
1.5,2.0,2.5,8.0,3.0,0.17855003065881592,1.0297617354506905,-0.9345148961952624,1.2169018694962725,-8.41254101887901,-15.273002712068905,0.5654378334338993,7.0,30.71428571428571,5
1.5,2.0,3.5,4.5,2.0,0.17491005128578138,1.0992315030805173,-0.9182288367105179,1.2778910888980066,-8.397995149646126,-14.659078009424057,1.092505260690506,9.6,43.16666666666667,5
1.5,2.0,3.5,4.5,3.0,0.20166693613516734,1.0519170396282418,-0.9173525714495188,1.263996559382829,-8.3623298057325,-14.459898556112641,1.2515135823559609,8.8,34.76190476190476,5
1.5,2.0,3.5,6.0,2.0,0.039544919604250175,0.9977147986438162,-0.9146617640478748,1.056798097370707,-8.69403810196694,-15.45708009342291,-0.36462254918439463,8.8,38.38095238095238,5
1.5,2.0,3.5,6.0,3.0,0.1355410779783825,1.0114894993945822,-0.885672812566391,1.1228078377524722,-8.386155930112519,-15.259763118452746,0.3088696956266855,7.8,31.666666666666664,5
1.5,2.0,3.5,8.0,2.0,0.10159723866664545,1.0912367057097614,-0.9146617640478748,1.17853356641614,-8.714537564592181,-15.45708009342291,0.1057771367062557,7.6,37.02380952380952,5
1.5,2.0,3.5,8.0,3.0,0.20943934754330842,1.0722816552293613,-0.885672812566391,1.256563988175386,-8.408526625138046,-15.259763118452746,0.8255104432678586,7.0,28.21428571428571,5
1.5,2.0,5.0,6.0,2.0,0.0782185922960256,1.0198855693981368,-0.9221718903798427,1.1000447975091838,-8.813877246193007,-15.437457783876503,0.017132356262445293,8.8,38.38095238095238,5
1.5,2.0,5.0,6.0,3.0,0.1899575019584248,1.0047275735548138,-0.8336140138947253,1.1879483072947823,-8.595886532262723,-15.240095011874926,0.8343031927272326,7.8,31.666666666666664,5
1.5,2.0,5.0,8.0,2.0,0.15049372114258025,1.131637394148298,-0.9221718903798427,1.2412378712512955,-8.70819804590796,-15.437457783876503,0.5630738357453865,7.6,37.02380952380952,5
1.5,2.0,5.0,8.0,3.0,0.2879812487109125,1.0912058957079527,-0.8336140138947253,1.3461736056799585,-8.402556003635421,-15.240095011874926,1.5283255788699892,7.0,28.21428571428571,5
2.0,1.0,2.5,4.5,2.0,0.475053558263318,0.8323654580980525,-0.689595332397484,1.5482323187763072,-7.04108248000059,-8.587235435506438,2.9282561622976755,8.6,51.13997113997114,5
2.0,1.0,2.5,4.5,3.0,0.4912500936263452,0.8141110722843077,-0.689595332397484,1.5689343544004697,-6.986349121488161,-8.587235435506438,3.166063657207472,8.0,49.39393939393939,5
2.0,1.0,2.5,6.0,2.0,0.2842989725195248,0.5480521450031409,-0.4852163273465388,1.1403069413297064,-7.161978228117173,-9.14156853429049,1.4258852834605973,7.8,43.80952380952381,5
2.0,1.0,2.5,6.0,3.0,0.35173165645662124,0.5815043839432151,-0.4852163273465388,1.2236589733099206,-6.994345891230675,-9.14156853429049,1.9093759832526658,7.2,40.73809523809524,5
2.0,1.0,2.5,8.0,2.0,0.48945436847059,0.9061466306647814,-0.4852163273465388,1.7787942737095779,-6.551335584842564,-9.14156853429049,2.841558062448377,6.2,50.07142857142857,5
2.0,1.0,2.5,8.0,3.0,0.5130473248734877,0.8181834995054212,-0.4852163273465388,1.6384544438061837,-6.84953344168993,-9.14156853429049,3.197622018018702,6.0,44.07142857142857,5
2.0,1.0,3.5,4.5,2.0,0.46997262543690804,0.8792508031899303,-0.7100474404161587,1.5595372757537176,-7.091769290416845,-8.587235435506438,2.9318340826586082,8.6,48.917748917748916,5
2.0,1.0,3.5,4.5,3.0,0.5050316217075899,0.8950309056486896,-0.7100474404161587,1.6122113736939763,-6.945022245704948,-8.587235435506438,3.2353212442913177,8.0,47.17171717171717,5
2.0,1.0,3.5,6.0,2.0,0.3080111206480316,0.5664012097969644,-0.4030161842358864,1.1521500986047912,-7.219010366339788,-9.127208774461332,1.5780233864672555,7.8,43.80952380952381,5
2.0,1.0,3.5,6.0,3.0,0.38885156877898036,0.63524581225694,-0.4030161842358864,1.2421285888902038,-6.959319256429524,-9.127208774461332,2.0901021097691608,7.2,40.73809523809524,5
2.0,1.0,3.5,8.0,2.0,0.5075077089997337,0.9152045027882957,-0.4030161842358864,1.8149345502436696,-6.546960676554211,-9.127208774461332,2.991187616758149,6.2,50.07142857142857,5
2.0,1.0,3.5,8.0,3.0,0.5355673294058798,0.8535040348930487,-0.4030161842358864,1.6677781361512714,-6.844683539816683,-9.127208774461332,3.3034016271348947,6.0,44.07142857142857,5
2.0,1.0,5.0,6.0,2.0,0.34627431023379557,0.6339614803949434,-0.5139569289508912,1.2021200528761073,-7.336688100316079,-9.105877750784828,1.949936572513338,7.8,40.95238095238095,5
2.0,1.0,5.0,6.0,3.0,0.4090440151321427,0.6851940468585389,-0.5139569289508912,1.2915521471154867,-7.169606331341552,-9.105877750784828,2.3750600647832103,7.2,37.88095238095238,5
2.0,1.0,5.0,8.0,2.0,0.55491557018112,0.9719471905035972,-0.5139569289508912,1.921740926488392,-6.54045530615336,-9.105877750784828,3.4427935128615177,6.2,47.21428571428571,5
2.0,1.0,5.0,8.0,3.0,0.5868401998856523,0.9253245291845474,-0.5139569289508912,1.7688468446177648,-6.83746836556991,-9.105877750784828,3.822370757433518,6.0,41.21428571428571,5
2.0,1.5,2.5,4.5,2.0,0.4884911462834792,0.8708053194550094,-0.8230361105436813,1.637270548194262,-7.271965973582797,-8.721229962449085,3.325325391969007,8.6,51.13997113997114,5
2.0,1.5,2.5,4.5,3.0,0.4997475482178377,0.8553220709076081,-0.8230361105436813,1.65493533362183,-7.2384279977706925,-8.721229962449085,3.5181606181254494,8.0,49.39393939393939,5
2.0,1.5,2.5,6.0,2.0,0.27964409843122484,0.5890832469656878,-0.6248546568977994,1.1528766046271228,-7.514173058439047,-9.131300130639524,1.5477718445054234,7.8,43.80952380952381,5
2.0,1.5,2.5,6.0,3.0,0.3385393064216161,0.6147691095178586,-0.6248546568977994,1.2381905327997884,-7.36872078342545,-9.131300130639524,2.0038695476952806,7.2,40.73809523809524,5
2.0,1.5,2.5,8.0,2.0,0.5148680832883962,0.9405769589536851,-0.6248546568977994,1.9189722207778281,-6.739013814157329,-9.131300130639524,3.2024955687133905,6.2,50.07142857142857,5
2.0,1.5,2.5,8.0,3.0,0.5328429957222046,0.864526580029284,-0.6248546568977994,1.750685706568498,-6.992798169860677,-9.131300130639524,3.53272474161938,6.0,44.07142857142857,5
2.0,1.5,3.5,4.5,2.0,0.4833794999914664,0.9122454559368847,-0.840994076504696,1.6467394928172485,-7.322727534824294,-8.72122996244908,3.3284183811833,8.6,48.917748917748916,5
2.0,1.5,3.5,4.5,3.0,0.5106339709218162,0.9277859936613182,-0.840994076504696,1.6939382374695562,-7.197093844622013,-8.72122996244908,3.587059012094085,8.0,47.17171717171717,5
2.0,1.5,3.5,6.0,2.0,0.30256625955495103,0.6042548917016264,-0.5462528380029699,1.161211792613282,-7.570925149852438,-9.11702013067077,1.6973754828061203,7.8,43.80952380952381,5
2.0,1.5,3.5,6.0,3.0,0.3727691011779822,0.6579639583329503,-0.5462528380029699,1.2410665635295075,-7.3339115955138565,-9.11702013067077,2.180121982696488,7.2,40.73809523809524,5
2.0,1.5,3.5,8.0,2.0,0.5318493092473442,0.9466003659830733,-0.5462528380029699,1.9537816341446068,-6.734518795783641,-9.11702013067077,3.349570298031135,6.2,50.07142857142857,5
2.0,1.5,3.5,8.0,3.0,0.5527543066994995,0.8932049695976414,-0.5462528380029699,1.769314829113054,-6.987976825829827,-9.11702013067077,3.634997210311048,6.0,44.07142857142857,5
2.0,1.5,5.0,6.0,2.0,0.3399557106414079,0.6714712703650956,-0.6489440202451794,1.211147981750132,-7.688469728579925,-9.09580701555506,2.0730534775056775,7.8,40.95238095238095,5
2.0,1.5,5.0,6.0,3.0,0.39369192861336255,0.7103495048629664,-0.6489440202451794,1.2910471399501706,-7.543494614071838,-9.09580701555506,2.468634924720927,7.2,37.88095238095238,5
2.0,1.5,5.0,8.0,2.0,0.5778024632223951,1.0062575820870314,-0.6489440202451794,2.06799400838258,-6.727830491457796,-9.09580701555506,3.8070340480425413,6.2,47.21428571428571,5
2.0,1.5,5.0,8.0,3.0,0.6029949798184975,0.9659860310164315,-0.6489440202451794,1.8771014106483404,-6.980803993992479,-9.09580701555506,4.159944222922896,6.0,41.21428571428571,5
2.0,2.0,2.5,4.5,2.0,0.43114864177577966,0.8987525233107229,-0.9339179597972214,1.5352392372852877,-8.048655491807738,-10.730041957065124,3.093998242143587,8.6,51.13997113997114,5
2.0,2.0,2.5,4.5,3.0,0.43627219229408476,0.8817269317522974,-0.9339179597972214,1.5531001079412377,-8.036274864447124,-10.730041957065124,3.240030839427719,8.0,52.72727272727273,5
2.0,2.0,2.5,6.0,2.0,0.21716769809127726,0.6146306369626869,-0.7541087072860666,1.1306623498422617,-8.285811593675055,-10.727513561866836,1.1675363829057253,7.8,43.80952380952381,5
2.0,2.0,2.5,6.0,3.0,0.2663190882750014,0.6291330089384645,-0.7541087072860666,1.2124301368010308,-8.162891367305367,-10.727513561866836,1.5931370906541154,7.2,44.73809523809524,5
2.0,2.0,2.5,8.0,2.0,0.411587002077982,0.8675729703315566,-0.7541087072860666,1.6542950584774085,-7.5186314217591015,-10.727513561866836,2.757521402868695,6.2,50.07142857142857,5
2.0,2.0,2.5,8.0,3.0,0.4343771866490022,0.8176724099729106,-0.7541087072860666,1.589750275293527,-7.813384368065914,-10.727513561866836,3.0583000935493154,6.0,48.07142857142857,5
2.0,2.0,3.5,4.5,2.0,0.4271789866404438,0.9382601929409728,-0.9498763586507051,1.5424229432644834,-8.098933444506445,-10.73004195706513,3.0992223684486375,8.6,48.917748917748916,5
2.0,2.0,3.5,4.5,3.0,0.4460914536561411,0.9453275330126444,-0.9498763586507051,1.5734530645947602,-7.99538752214937,-10.73004195706513,3.3096677639770666,8.0,47.17171717171717,5
2.0,2.0,3.5,6.0,2.0,0.23866053147877367,0.6318034016617134,-0.6828789165034906,1.1358061652597742,-8.342014118734761,-10.724043263042313,1.3159444358080696,7.8,43.80952380952381,5
2.0,2.0,3.5,6.0,3.0,0.2972575295153457,0.6668838459878713,-0.6828789165034906,1.197771132491649,-8.128447354908378,-10.724043263042313,1.7667192028749046,7.2,40.73809523809524,5
2.0,2.0,3.5,8.0,2.0,0.42889953545274456,0.8778286524867136,-0.6828789165034906,1.67718699244431,-7.5143302732493495,-10.724043263042313,2.9021731182998334,6.2,50.07142857142857,5
2.0,2.0,3.5,8.0,3.0,0.453188073349516,0.8450145617339869,-0.6828789165034906,1.5843252538312105,-7.808615242962082,-10.724043263042313,3.157073514473967,6.0,44.07142857142857,5
2.0,2.0,5.0,6.0,2.0,0.2758894658874941,0.6931227864980236,-0.7745026332522766,1.1829948483192454,-8.45943843291499,-10.718869210437477,1.693190864451457,7.8,43.80952380952381,5
2.0,2.0,5.0,6.0,3.0,0.32114905566533286,0.7194574600381408,-0.7745026332522766,1.2455043155340046,-8.336920978102146,-10.718869210437477,2.057101154939802,7.2,40.73809523809524,5
2.0,2.0,5.0,8.0,2.0,0.47522370819911847,0.9389487923268972,-0.7745026332522766,1.769557951256433,-7.507934385028895,-10.718869210437477,3.361026572440393,6.2,50.07142857142857,5
2.0,2.0,5.0,8.0,3.0,0.5036677267328522,0.9168648673458317,-0.7745026332522766,1.6779242844891424,-7.801520031003591,-10.718869210437477,3.6826923548948565,6.0,44.07142857142857,5
2.5,1.0,2.5,4.5,3.0,0.5069794883585885,0.8728760916557222,-0.7679353925809986,1.6979987487559498,-7.0585886318313005,-9.259202230281618,3.3007569357694093,7.6,53.489177489177486,5
2.5,1.0,2.5,6.0,3.0,0.39326764159182337,0.8193204795803478,-0.635310624505938,1.4160816842086423,-6.641961526257978,-9.14156853429049,2.346491675933895,6.6,44.57142857142857,5
2.5,1.0,2.5,8.0,3.0,0.42067204662318736,0.8414922436631911,-0.635310624505938,1.5388456967145259,-7.060305496825447,-9.14156853429049,2.5995368142603104,5.8,46.07142857142857,5
2.5,1.0,3.5,4.5,3.0,0.5203208980481555,0.9558297483481861,-0.7868427021900583,1.7569344743981135,-7.066482892255797,-9.29867353240408,3.377736202981667,7.6,51.26695526695526,5
2.5,1.0,3.5,6.0,3.0,0.4248443426499796,0.8482623556816403,-0.5536743437162233,1.4397634014112115,-6.613466501724448,-9.166737492362584,2.5248846104029825,6.6,44.57142857142857,5
2.5,1.0,3.5,8.0,3.0,0.4417926293181497,0.8684625946220546,-0.5536743437162233,1.5622253217892657,-7.063365100761312,-9.166737492362584,2.6981976357983917,5.8,46.07142857142857,5
2.5,1.0,5.0,6.0,3.0,0.4702723205985431,0.9201557174307303,-0.6591980051807284,1.5265343518690062,-6.7071215680554275,-9.145415747459264,2.9981533817023687,6.6,41.71428571428571,5
2.5,1.0,5.0,8.0,3.0,0.49437496979653106,0.9387991081479033,-0.6591980051807284,1.6607400099348388,-7.0561574081534575,-9.145415747459264,3.216007647972936,5.8,43.21428571428571,5
2.5,1.5,2.5,4.5,3.0,0.4819918251434287,0.9543576246542295,-1.0099708581571543,1.7646877513478514,-7.548627940574894,-10.126688923862535,3.3811787588310978,7.6,53.489177489177486,5
2.5,1.5,2.5,6.0,3.0,0.3586618358705231,0.8240607728795247,-0.7974306985080453,1.3798575423341368,-7.025546487571707,-9.779924920158894,2.293114234862048,6.6,44.57142857142857,5
2.5,1.5,2.5,8.0,3.0,0.4321457431818625,0.8954187262104346,-0.7974306985080453,1.632054027352708,-7.340251315893259,-9.779924920158894,2.8347797954403653,5.8,46.07142857142857,5
2.5,1.5,3.5,4.5,3.0,0.49316849177111566,1.0253895535755138,-1.0250925752671347,1.818701568643196,-7.548627940574894,-10.12668892386253,3.457932765566654,7.6,51.26695526695526,5
2.5,1.5,3.5,6.0,3.0,0.3880155670081125,0.8474790630324659,-0.7202687694105683,1.385763102767075,-6.990271875173623,-9.77640551005611,2.466061218415976,6.6,44.57142857142857,5
2.5,1.5,3.5,8.0,3.0,0.45068888082249325,0.9157319625271653,-0.7202687694105683,1.6443341859198284,-7.3362192402448585,-9.77640551005611,2.9293235864020106,5.8,46.07142857142857,5
2.5,1.5,5.0,6.0,3.0,0.43344313898042897,0.9203123251932653,-0.8166406802525417,1.4673420707333527,-7.105804379824045,-9.771158289803408,2.942699071446182,6.6,41.71428571428571,5
2.5,1.5,5.0,8.0,3.0,0.5026443788583925,0.9867379012179657,-0.8166406802525417,1.7476719269669085,-7.330221550541014,-9.771158289803408,3.4534567910977487,5.8,43.21428571428571,5
2.5,2.0,2.5,4.5,3.0,0.44675031190993997,0.981936547632263,-1.1229124185814514,1.7845253321043024,-8.215818373489777,-12.283642892472631,3.277824894137342,7.6,56.82251082251082,5
2.5,2.0,2.5,6.0,3.0,0.30716800626207136,0.7988773583974357,-0.9299473527892934,1.3660317838231086,-7.635680682058586,-11.9427459704182,2.0422874386466283,6.6,48.57142857142857,5
2.5,2.0,2.5,8.0,3.0,0.37125548290490645,0.8599848507559406,-0.9299473527892934,1.5501233209715046,-8.007106415141974,-11.9427459704182,2.5287876647255914,5.8,50.07142857142857,5
2.5,2.0,3.5,4.5,3.0,0.4566103722905231,1.0471996723132282,-1.1365718787351955,1.8287489544706985,-8.215818373489782,-12.283642892472589,3.356735651437024,7.6,51.26695526695526,5
2.5,2.0,3.5,6.0,3.0,0.33394911418539674,0.8230604836188807,-0.8598072229451468,1.3554911369948446,-7.623529505931437,-11.939322911451875,2.213231887555307,6.6,44.57142857142857,5
2.5,2.0,3.5,8.0,3.0,0.3882791365226385,0.8806805448826802,-0.8598072229451468,1.5427336036067338,-8.003116338547136,-11.939322911451875,2.6206616871876998,5.8,46.07142857142857,5
2.5,2.0,5.0,6.0,3.0,0.3782374337924075,0.893511288060824,-0.9463209916304668,1.4331785685182237,-7.738965263496991,-11.934219291257495,2.6924353098821374,6.6,44.57142857142857,5
2.5,2.0,5.0,8.0,3.0,0.4390885589035044,0.9513393673104491,-0.9463209916304668,1.6373443052048784,-7.997181077806042,-11.934219291257495,3.147315770584558,5.8,46.07142857142857,5
